domain,ecommerce_platform,helpdesk,technologies_app_partners,estimated_gmv_band
aarhussurfogski.dk,magento_2,,,SMB 1 (<$150K)
performancelights.co.uk,magento_2,,,SMB 1 (<$150K)
moonbery.com,magento_2,zendesk,klaviyo,SMB 1 (<$150K)
tlcguitargoods.com,magento_2,,,SMB 2 ($150K-3M)
viacorenutrition.com,shopify,tidio,mailchimp,SMB 1 (<$150K)
btlsvc.com,shopify,,mailchimp,SMB 1 (<$150K)
lbzstore.life,shopify,Shopify Inbox,,SMB 2 ($150K-3M)
annie-domini.com,shopify,,,SMB 1 (<$150K)
moodyales.com,shopify,,klaviyo;mailchimp,SMB 2 ($150K-3M)
allpadlocks.com,shopify,,,SMB 2 ($150K-3M)
vitalmotion.shop,shopify,,,
hungrybirdeats.com,shopify,Shopify Inbox,klaviyo;judge_me;recharge,SMB 1 (<$150K)
goodgameshop.gg,shopify,,,SMB 1 (<$150K)
alphaline.com.ph,shopify,,,SMB 1 (<$150K)
charleyeannashop.it,shopify,,judge_me,SMB 1 (<$150K)
justskirtz.com,shopify,Shopify Inbox,SMSBump;loox;mailchimp,SMB 1 (<$150K)
jackpotbreakers.com,shopify,,,SMB 1 (<$150K)
hairdewproducts.com,shopify,,,SMB 1 (<$150K)
eagle-kite.com,shopify,Shopify Inbox,,SMB 1 (<$150K)
prestopesto.com,shopify,,,SMB 1 (<$150K)
realtimevfxstore.com,shopify,,,SMB 1 (<$150K)
doriapparel.com.au,shopify,zendesk;help_scout,klaviyo;judge_me;smile.io,SMB 1 (<$150K)
oxfordandevergreen.com,shopify,,,SMB 1 (<$150K)
amismoi.com,shopify,,,SMB 1 (<$150K)
urbanyardener.myshopify.com,shopify,,judge_me,SMB 1 (<$150K)
nikalanddust.com,shopify,Shopify Inbox,judge_me,SMB 1 (<$150K)
odiasadhabapua.com,shopify,,,SMB 1 (<$150K)
tiffanymarieart.com,shopify,,,SMB 1 (<$150K)
wristcycle.com,shopify,Shopify Inbox,judge_me;Rivo,SMB 1 (<$150K)
markatdna.com,shopify,Shopify Inbox,judge_me,SMB 1 (<$150K)
shopxpressions.myshopify.com,shopify,,yotpo,SMB 1 (<$150K)
george-butler.myshopify.com,shopify,,,SMB 1 (<$150K)
storagecube.co.nz,shopify,chatra,,SMB 1 (<$150K)
beautiquepoint.com,shopify,,judge_me,SMB 1 (<$150K)
daydreamsoaps.com,shopify,,klaviyo,SMB 1 (<$150K)
pirily.com,shopify,,,SMB 1 (<$150K)
24pethouse.myshopify.com,shopify,Shopify Inbox,judge_me,SMB 1 (<$150K)
touchableroots.com,shopify,Shopify Inbox,mailchimp;judge_me,SMB 1 (<$150K)
spacely-space-sprockets-ltd.myshopify.com,shopify,,klaviyo,SMB 1 (<$150K)
mysticalrosestore.com,shopify,Shopify Inbox,judge_me,SMB 1 (<$150K)
reveriebelle.com,shopify,Shopify Inbox,smile.io,SMB 1 (<$150K)
theextractioncourse.com,shopify,,,SMB 1 (<$150K)
pastef-usa-store.myshopify.com,shopify,,,SMB 1 (<$150K)
logiaperitifs.ch,shopify,,loox,SMB 1 (<$150K)
hydosfood.com,shopify,,,SMB 1 (<$150K)
triplethreadscollection.com,shopify,,smile.io,SMB 1 (<$150K)
nannysupplycenter.com,shopify,Shopify Inbox,,SMB 1 (<$150K)
rojese.com,shopify,,parcelpanel,SMB 1 (<$150K)
safety-co.co.uk,shopify,,loox,SMB 1 (<$150K)
3oceansintercambio.ca,shopify,,,SMB 1 (<$150K)
lovetablecloths.co.uk,magento_2,,,SMB 2 ($150K-3M)
unamourdetapis.com,magento_2,,Trust Pilot,Commercial 1 ($3-10M)
biglittleparties.com.au,shopify,,klaviyo;judge_me,SMB 1 (<$150K)
marjanavonberlepsch.com,shopify,,Boost Commerce;mailchimp,SMB 2 ($150K-3M)
chrisfarleystore.com,shopify,,,SMB 1 (<$150K)
jlveux.com,shopify,Shopify Inbox,recharge;judge_me,SMB 1 (<$150K)
crankycowcreations.co.uk,shopify,,judge_me,SMB 1 (<$150K)
adamadvani.com,shopify,Shopify Inbox,,SMB 1 (<$150K)
methodman.us,shopify,,,SMB 1 (<$150K)
purediverst.com,shopify,,,SMB 1 (<$150K)
shop.jocham-wangen.de,shopify,,,SMB 1 (<$150K)
a69f5e-2.myshopify.com,shopify,,,SMB 1 (<$150K)
ziztech.com.br,shopify,,,SMB 1 (<$150K)
carbonmod.com,shopify,,loox,SMB 1 (<$150K)
dailydesirablesnow.com,shopify,,,SMB 1 (<$150K)
steadymart.in,shopify,,,SMB 1 (<$150K)
amalfimind.com,shopify,,loox,SMB 1 (<$150K)
babieszoneco.com,shopify,,,SMB 1 (<$150K)
fashionzoo.myshopify.com,shopify,,,SMB 1 (<$150K)
sq.asfo.store,shopify,,,SMB 1 (<$150K)
latherfy.com,shopify,,Rivo,SMB 1 (<$150K)
shopmillietucker.com,shopify,,,SMB 1 (<$150K)
store.daintydystopia.de,shopify,,,SMB 1 (<$150K)
salt.hipertalk.com,shopify,,,SMB 1 (<$150K)
vaamveda.com,shopify,,judge_me,SMB 1 (<$150K)
divinedarkfemmeclub.com,shopify,,judge_me,SMB 1 (<$150K)
chumuk.myshopify.com,shopify,,,SMB 1 (<$150K)
watchforest.myshopify.com,shopify,,,SMB 1 (<$150K)
yesoslim.fr,shopify,Shopify Inbox,,SMB 1 (<$150K)
seebz.pk,shopify,,judge_me,SMB 1 (<$150K)
verssari.com.br,shopify,,,SMB 1 (<$150K)
painteddaisypaper.com,shopify,,,SMB 1 (<$150K)
elainamariejewelry.com,shopify,Shopify Inbox,,SMB 1 (<$150K)
shopthreeacorns.com,shopify,,,SMB 1 (<$150K)
sleepycute.com,shopify,,recharge;judge_me,SMB 1 (<$150K)
th-offthewagonshop.glopalstore.com,shopify,tidio,Postscript;klaviyo;Boost Commerce;judge_me,SMB 2 ($150K-3M)
fiction-buecher.de,shopify,,,SMB 1 (<$150K)
beverley-budgen-fine-art.myshopify.com,shopify,,,SMB 1 (<$150K)
3airhealth.com,shopify,,,SMB 1 (<$150K)
tonicbombco.com,shopify,,judge_me,SMB 1 (<$150K)
hopshopy.com,shopify,Shopify Inbox,judge_me,SMB 1 (<$150K)
lojaexpressmlpstore.com.br,shopify,,,SMB 1 (<$150K)
cardsoftheshire.com,shopify,Shopify Inbox,,SMB 1 (<$150K)
wxplink.com,shopify,,,SMB 2 ($150K-3M)
tlimrlam.store,shopify,,,SMB 1 (<$150K)
yoursafetycompany.com,bigcommerce,,,SMB 1 (<$150K)
webmall2000.com,bigcommerce,,,SMB 1 (<$150K)
habibipizza.com,magento_2,,,SMB 1 (<$150K)
fs-printshop.ch,magento_2,,,SMB 1 (<$150K)
ahportho.com,magento_2,,stripe,SMB 1 (<$150K)
wolmart.se,shopify,Shopify Inbox,klaviyo;parcelpanel;judge_me,
fluxytr.store,shopify,,klaviyo;loox,SMB 1 (<$150K)
rangmehal.shop,shopify,,,SMB 1 (<$150K)
tenderbuns.jp,shopify,Shopify Inbox,yotpo,SMB 2 ($150K-3M)
gu-de.shop,shopify,Shopify Inbox,mailchimp,SMB 2 ($150K-3M)
darkothica.com,shopify,Shopify Inbox,,SMB 2 ($150K-3M)
wuerthshoes.ca,shopify,,klaviyo;Boost Commerce,SMB 2 ($150K-3M)
denova-usa.com,shopify,,loox,SMB 1 (<$150K)
particular-pieces.com,shopify,,,SMB 1 (<$150K)
boulderbee.shop,shopify,,,SMB 1 (<$150K)
wickedmania.com,shopify,,,SMB 1 (<$150K)
sassypackratstudios.com,shopify,,,SMB 1 (<$150K)
shopjuzz.com,shopify,,,SMB 1 (<$150K)
shop.studiokmontreal.com,shopify,Shopify Inbox,,SMB 1 (<$150K)
ebusinessnexus.com,shopify,Shopify Inbox,stamped.io,SMB 1 (<$150K)
skinbestrx.com,shopify,,,SMB 1 (<$150K)
neuartsy.com,shopify,,loox,SMB 1 (<$150K)
butfy1n.com,shopify,,,SMB 1 (<$150K)
belgards.com.au,shopify,,,SMB 1 (<$150K)
haveney.com,shopify,,,SMB 1 (<$150K)
hopsgoods.com,shopify,,,SMB 1 (<$150K)
elizabethphillips.glossgenius.com,shopify,,stripe,SMB 2 ($150K-3M)
littleraasbazaar.com,shopify,,judge_me,SMB 1 (<$150K)
zeebromason.com,shopify,,klaviyo,SMB 1 (<$150K)
viwoods.com,shopify,Shopify Inbox,,SMB 1 (<$150K)
theherbanshaman.com,shopify,,recharge;mailchimp,SMB 1 (<$150K)
shopburnellandco.com,shopify,,,SMB 1 (<$150K)
rochellepierre.org,shopify,,,SMB 1 (<$150K)
nomadequipments.com,shopify,,,SMB 1 (<$150K)
eastcoastclassy.com,shopify,Shopify Inbox,judge_me,SMB 1 (<$150K)
hydaccompanystore.com,shopify,,,SMB 1 (<$150K)
filipaceramics.com,shopify,,,SMB 1 (<$150K)
blumeandbeam.com,shopify,,,SMB 1 (<$150K)
stitchinu.net,shopify,,,SMB 1 (<$150K)
selfloveallthetime.com,shopify,,Postscript,SMB 1 (<$150K)
vvpik.com,shopify,,,SMB 1 (<$150K)
waltergeorge.myshopify.com,shopify,,,SMB 1 (<$150K)
muddytees.com,shopify,,,SMB 1 (<$150K)
gizmokiwi.com,shopify,,judge_me,SMB 1 (<$150K)
magicshopstore.com,shopify,,,SMB 1 (<$150K)
smith-innovations.net,bigcommerce,,,SMB 1 (<$150K)
anne-de-solene.com,magento_2,zendesk,,SMB 2 ($150K-3M)
poparted.co.uk,shopify,intercom;Shopify Inbox,Trust Pilot,SMB 1 (<$150K)
palfrey.in,shopify,,,SMB 1 (<$150K)
rossoutdoors.com,shopify,Shopify Inbox,mailchimp,SMB 2 ($150K-3M)
gardenwildlife.com,shopify,Shopify Inbox,Trust Pilot;mailchimp,SMB 2 ($150K-3M)
papperlott.de,shopify,,,SMB 2 ($150K-3M)
tikibev.com,shopify,,yotpo;klaviyo,SMB 1 (<$150K)
barbanortena.com,shopify,,yotpo;SMSBump;klaviyo,SMB 2 ($150K-3M)
fashionaddik.com,shopify,Shopify Inbox,,SMB 1 (<$150K)
totallytorn.com,shopify,zendesk,loox,SMB 1 (<$150K)
atmosvu.com,shopify,,Rivo,SMB 1 (<$150K)
sportsmansculture.com,shopify,,,SMB 1 (<$150K)
lostclothes022.com,shopify,,,SMB 1 (<$150K)
prvtpartyluxe.com,shopify,Shopify Inbox,judge_me,SMB 1 (<$150K)
theburningstones.com,shopify,,,SMB 1 (<$150K)
clenndesigns.com,shopify,Shopify Inbox,,SMB 1 (<$150K)
southboundhatcompany.com,shopify,,,SMB 1 (<$150K)
2nicebazar.myshopify.com,shopify,,stamped.io,SMB 1 (<$150K)
ratedrhymes.com,shopify,,,SMB 1 (<$150K)
lisafayecraftedgmail.com,shopify,,judge_me;Rivo,SMB 1 (<$150K)
store.performanceinsights.com,shopify,,,SMB 1 (<$150K)
rawcutfitness.com,shopify,,aftership;loox,SMB 1 (<$150K)
lisamac.myshopify.com,shopify,,,SMB 1 (<$150K)
showingfaith.com,shopify,,,SMB 1 (<$150K)
slhindy.com,shopify,,,SMB 1 (<$150K)
techoboom.myshopify.com,shopify,Shopify Inbox,Trust Pilot;judge_me,SMB 1 (<$150K)
alter-mann.com,shopify,,,SMB 2 ($150K-3M)
skcfarmfencing.ca,shopify,,,SMB 1 (<$150K)
glowbodytea.com,shopify,,,SMB 1 (<$150K)
finadivamodafeminina.com.br,shopify,,klaviyo;loox,SMB 1 (<$150K)
kradart.com,shopify,,,SMB 1 (<$150K)
selfhealingeffect.com,shopify,,mailchimp,SMB 1 (<$150K)
wearebasik.co.uk,shopify,,,SMB 1 (<$150K)
caddiecrate.com,shopify,,klaviyo;recharge;loox;octane_ai,SMB 1 (<$150K)
temporelstore.com,shopify,,klaviyo;loox,SMB 1 (<$150K)
abstaffsales.co.za,shopify,,,SMB 1 (<$150K)
terraspherepackaging.ca,shopify,Shopify Inbox,,SMB 1 (<$150K)
fitfints.com,shopify,,SMSBump;judge_me,SMB 1 (<$150K)
kafilacollection.in,shopify,,,SMB 1 (<$150K)
impressions2.com,shopify,,,SMB 1 (<$150K)
lunaaffair.store,shopify,,,SMB 1 (<$150K)
livebreaks-joshscards.com,shopify,,,SMB 1 (<$150K)
beutyisus.com,shopify,,,SMB 1 (<$150K)
earth2iro.com,shopify,,klaviyo,SMB 1 (<$150K)
solsticewatches.com,shopify,,klaviyo;judge_me,SMB 1 (<$150K)
achohear.com,shopify,Shopify Inbox,parcelpanel,SMB 1 (<$150K)
paintedponies.com.au,bigcommerce,,,SMB 1 (<$150K)
vmcfiltrestore.fr,magento_2,,mailchimp,SMB 1 (<$150K)
soviana.com,shopify,,,
floraly.com.au,shopify,,klaviyo;loox,SMB 2 ($150K-3M)
sanabarreja.com,shopify,,,SMB 1 (<$150K)
pumpkincreekprimitives.com,shopify,,judge_me;smile.io,SMB 1 (<$150K)
travelingteapotco.com,shopify,,klaviyo;yotpo,SMB 1 (<$150K)
vanpardo.com,shopify,,stamped.io;judge_me,SMB 1 (<$150K)
slipzshop.com,shopify,,,SMB 1 (<$150K)
ultimateswimfin.com,shopify,,growave,SMB 1 (<$150K)
jillyssocks.com,shopify,,,SMB 1 (<$150K)
toninolamborghinicanada.ca,shopify,,stamped.io,SMB 1 (<$150K)
kerrjones.com,shopify,,,SMB 1 (<$150K)
topgearmarine.net.au,shopify,,loox;mailchimp;judge_me,SMB 1 (<$150K)
windermereislandowners.com,shopify,,,SMB 1 (<$150K)
rarrugs.com,shopify,Shopify Inbox,judge_me,SMB 1 (<$150K)
juicefresh.myshopify.com,shopify,,,SMB 1 (<$150K)
robyn-n-mayer.myshopify.com,shopify,,,SMB 1 (<$150K)
lucidlydifferent.co.uk,shopify,,,SMB 1 (<$150K)
overlandgreece.gr,shopify,Shopify Inbox,judge_me;smile.io,SMB 1 (<$150K)
minuteshoppe.myshopify.com,shopify,,,SMB 1 (<$150K)
rocket-social.com,shopify,Shopify Inbox,,SMB 1 (<$150K)
flgprodutos.com.br,shopify,,,SMB 1 (<$150K)
pethavennest.com,shopify,,judge_me,SMB 1 (<$150K)
arabiascent.com,shopify,Shopify Inbox,,SMB 1 (<$150K)
shop.juliajacklin.com,shopify,,,SMB 1 (<$150K)
oceanraincompany.com,shopify,,,SMB 1 (<$150K)
shopdistortion.com,shopify,,,SMB 1 (<$150K)
texastechdental.com,shopify,,,SMB 1 (<$150K)
leloxx.com,shopify,,smile.io,SMB 1 (<$150K)
hnuapparel.com,shopify,,,SMB 1 (<$150K)
truereverence.com,shopify,Shopify Inbox,,SMB 1 (<$150K)
jimmyisaksson.com,shopify,,,SMB 1 (<$150K)
foilsmenswear.com,shopify,,judge_me,SMB 1 (<$150K)
thepetiteway.com,shopify,,,SMB 1 (<$150K)
newbyzance.com.br,shopify,Shopify Inbox,judge_me,SMB 1 (<$150K)
yascandlz.com,shopify,,,SMB 1 (<$150K)
mortexfitness.com.au,shopify,,,SMB 1 (<$150K)
agcollectibles.ca,shopify,,,SMB 1 (<$150K)
francashop.co,shopify,Shopify Inbox,,SMB 1 (<$150K)
shoplerumi.com,shopify,,,SMB 1 (<$150K)
dimcel.fr,shopify,,loox,SMB 1 (<$150K)
bestpromotionaldiaries.com.au,shopify,,,SMB 1 (<$150K)
tresbleueclat.com,shopify,Shopify Inbox,parcelpanel;smile.io;stamped.io,SMB 1 (<$150K)
ffiongwyn.co.uk,shopify,,,SMB 1 (<$150K)
legendethics.com,shopify,,,SMB 1 (<$150K)
baudolino.shop,shopify,,,SMB 1 (<$150K)
my-athes.co.uk,shopify,Shopify Inbox,Trust Pilot;Rivo,SMB 1 (<$150K)
zipbadges.com,shopify,,,SMB 1 (<$150K)
longleggang.com,shopify,Shopify Inbox,,SMB 1 (<$150K)
yollure.com,shopify,,klaviyo,SMB 1 (<$150K)
rmf-bar-entertainment.myshopify.com,shopify,,judge_me,SMB 1 (<$150K)
koparion.myshopify.com,shopify,,,SMB 1 (<$150K)
anotherteststoreie.mybigcommerce.com,bigcommerce,,,SMB 1 (<$150K)
schottmusiclondon.com,magento_2,,,SMB 1 (<$150K)
envisionhosting.co.uk,magento_2,,,SMB 1 (<$150K)
melfia.dk,magento_2,,,SMB 1 (<$150K)
ourluca.com,shopify,,,
havikclothiers.com,shopify,Shopify Inbox,,SMB 2 ($150K-3M)
frondaustin.com,shopify,intercom,,SMB 2 ($150K-3M)
sakura-canada.com,shopify,,,SMB 2 ($150K-3M)
automedals.com,shopify,,growave,SMB 2 ($150K-3M)
porta-terra.com,shopify,,judge_me,SMB 1 (<$150K)
americansunitedinc.com,shopify,,,SMB 1 (<$150K)
beautyzir.com,shopify,,judge_me,SMB 2 ($150K-3M)
planteskolenstegebugt.dk,shopify,,,SMB 1 (<$150K)
ocodile.com,shopify,Shopify Inbox,judge_me;stamped.io,SMB 2 ($150K-3M)
lojasimplo.com,shopify,,loox,SMB 1 (<$150K)
kikigunnshop.com,shopify,,,SMB 1 (<$150K)
iseecrystals.com,shopify,,,SMB 1 (<$150K)
andolabs.com,shopify,Shopify Inbox,klaviyo,SMB 1 (<$150K)
7068.myshopify.com,shopify,,,SMB 1 (<$150K)
discipleskateco.com,shopify,,,SMB 1 (<$150K)
theuglykitty.com,shopify,,,SMB 1 (<$150K)
homemadebyaqsa.com,shopify,,,SMB 1 (<$150K)
elbazarx.com,shopify,,,SMB 1 (<$150K)
graciebellboutique.myshopify.com,shopify,,judge_me,SMB 1 (<$150K)
commandema.myshopify.com,shopify,,yotpo,SMB 1 (<$150K)
nappllc.com,shopify,,,SMB 1 (<$150K)
vitafreshmarket.ca,shopify,Shopify Inbox,Boost Commerce;judge_me,SMB 1 (<$150K)
baytonia-b2b.myshopify.com,shopify,,,SMB 1 (<$150K)
dripcafe.mx,shopify,,judge_me,SMB 1 (<$150K)
iuliusgsm.ro,shopify,Shopify Inbox,,SMB 1 (<$150K)
safclothingusa.com,shopify,,,SMB 1 (<$150K)
lojaescolhasinfinita.com,shopify,,,SMB 1 (<$150K)
fad2b8-87.myshopify.com,shopify,,,SMB 1 (<$150K)
consignmentsinc.com,shopify,,,SMB 1 (<$150K)
smalltradecompany.com,shopify,,,SMB 1 (<$150K)
charmepraiano.com,shopify,,,SMB 1 (<$150K)
hi-utility.com,magento_2,,,SMB 1 (<$150K)
mealak.com,shopify,,,SMB 1 (<$150K)
mega-print.de,shopify,,,SMB 2 ($150K-3M)
itzawood.com,shopify,,,SMB 2 ($150K-3M)
annewesley.com,shopify,Shopify Inbox,recharge;yotpo;smile.io;judge_me,SMB 2 ($150K-3M)
moksin.com,shopify,,klaviyo;Boost Commerce,SMB 2 ($150K-3M)
jackpotbreakers.com,shopify,,judge_me,SMB 1 (<$150K)
lb-customz.com,shopify,,,SMB 1 (<$150K)
mediahomeharmony.com,shopify,,loox,SMB 1 (<$150K)
smallsoulbaby.com,shopify,Shopify Inbox,stamped.io;mailchimp,SMB 1 (<$150K)
ddinfinitycustoms.com,shopify,,,SMB 1 (<$150K)
mobizola.nl,shopify,,,SMB 1 (<$150K)
soul-well-2.myshopify.com,shopify,,,SMB 1 (<$150K)
kurikijapan.com,shopify,Shopify Inbox,,SMB 1 (<$150K)
socodip-industrie.com,shopify,,,SMB 1 (<$150K)
arteastiq-online.myshopify.com,shopify,,mailchimp,SMB 1 (<$150K)
kaudas.de,shopify,,judge_me,SMB 1 (<$150K)
aspenandelephant.com,shopify,,,SMB 1 (<$150K)
raedesigned.org,shopify,,,SMB 1 (<$150K)
oldracingstyle.net,shopify,Shopify Inbox,,SMB 1 (<$150K)
magfast.com,shopify,zendesk,klaviyo;attentive;judge_me;smile.io,Commercial 1 ($3-10M)
demo-shop-47.myshopify.com,shopify,,,SMB 1 (<$150K)
zodiac-freakz.myshopify.com,shopify,Shopify Inbox,Postscript;judge_me;amplified,SMB 1 (<$150K)
biblebrawl.com,shopify,,klaviyo;loox,SMB 1 (<$150K)
ecoexpressbuzz.myshopify.com,shopify,,klaviyo;smile.io,SMB 1 (<$150K)
stealing-oceans.myshopify.com,shopify,,octane_ai,SMB 1 (<$150K)
williamsflooring.co.uk,shopify,,mailchimp,SMB 1 (<$150K)
henrilenouvel.com,shopify,,,SMB 1 (<$150K)
bitty-beaus-coffee-club.myshopify.com,shopify,,,SMB 1 (<$150K)
workmensafety.com,shopify,,,SMB 1 (<$150K)
hkforwardeveryone.it,shopify,,,SMB 1 (<$150K)
storyaslanguage.com,shopify,,mailchimp,SMB 1 (<$150K)
nutriciondanielagarza.com,shopify,,,SMB 1 (<$150K)
threadzzup.com,shopify,,judge_me,SMB 1 (<$150K)
fiorezy.com,shopify,,,SMB 1 (<$150K)
smokershaven.com,bigcommerce,,,SMB 2 ($150K-3M)
store-eaf10.mybigcommerce.com,bigcommerce,,,SMB 1 (<$150K)
betreuen.redcross.ch,magento_2,,,SMB 2 ($150K-3M)
black-bear-haversack.com,magento_2,,,SMB 2 ($150K-3M)
hec.com,shopify,Shopify Inbox,judge_me,SMB 2 ($150K-3M)
dearsorellaboutique.com,shopify,,smile.io,SMB 1 (<$150K)
loveluna.com,shopify,,okendo;klaviyo;judge_me,SMB 2 ($150K-3M)
o2wear.com,shopify,Shopify Inbox,yotpo;mailchimp,SMB 2 ($150K-3M)
shadesofspring.in,shopify,,judge_me;smile.io,SMB 2 ($150K-3M)
enorm-freiburg.de,shopify,,,SMB 1 (<$150K)
shoplindylane.com,shopify,Shopify Inbox,,SMB 1 (<$150K)
cardboardanddie.com,shopify,Shopify Inbox,amplified;mailchimp,SMB 2 ($150K-3M)
edithsfashions.com,shopify,,,SMB 2 ($150K-3M)
theflyingseagullproject.shop,shopify,,,SMB 1 (<$150K)
alohaellie.co,shopify,Shopify Inbox,,SMB 1 (<$150K)
gastronomiabeltrami.it,shopify,,,SMB 1 (<$150K)
artgala.ca,shopify,,SMSBump,SMB 1 (<$150K)
finesse-paris.com,shopify,,,SMB 1 (<$150K)
charlaparis.com,shopify,Shopify Inbox,loox,SMB 1 (<$150K)
host-and-bash.myshopify.com,shopify,,,SMB 1 (<$150K)
ellingtonshoes.co,shopify,Shopify Inbox,judge_me,SMB 1 (<$150K)
spark-theater-company.myshopify.com,shopify,,smile.io,SMB 1 (<$150K)
arigatoo.jp,shopify,,,SMB 1 (<$150K)
selfloveclubeg.com,shopify,,,SMB 1 (<$150K)
skaylanikreations.com,shopify,,aftership,SMB 1 (<$150K)
selectedthings.de,shopify,,Trust Pilot,SMB 1 (<$150K)
jpfutur.com,shopify,Shopify Inbox,loox,SMB 1 (<$150K)
5seasons.online,shopify,,Opinew,SMB 1 (<$150K)
brrrblanc.com,shopify,,klaviyo,SMB 1 (<$150K)
techieco.com,shopify,helpcenter;Shopify Inbox,,SMB 1 (<$150K)
timebuystime.com,shopify,,,SMB 1 (<$150K)
kidcategory.com,shopify,,,SMB 1 (<$150K)
shophomebrand.com,shopify,,mailchimp,SMB 1 (<$150K)
subtlehair.com,shopify,,,SMB 1 (<$150K)
adamplusangela.com,shopify,,,SMB 1 (<$150K)
discoverdigitalharmony.com,shopify,,loox,SMB 1 (<$150K)
techieco.com,shopify,Shopify Inbox;helpcenter,,SMB 1 (<$150K)
orientalfurnishings.com,bigcommerce,olark,yotpo;klaviyo,Commercial 1 ($3-10M)
dinetteonline.com,magento_2,,klaviyo,SMB 2 ($150K-3M)
vietnamgolftour.vn,magento_2,,,SMB 1 (<$150K)
b2b.otseals.it,magento_2,,,SMB 1 (<$150K)
plantboxx.com,shopify,,,SMB 1 (<$150K)
allurelondon.co,shopify,tidio;Shopify Inbox,,SMB 1 (<$150K)
angelcosmeticsonline.com,shopify,Shopify Inbox,,SMB 1 (<$150K)
papabubblehtx.com,shopify,,klaviyo,SMB 1 (<$150K)
pebel.in,shopify,,judge_me,SMB 2 ($150K-3M)
dinpynt.no,shopify,,,SMB 2 ($150K-3M)
swagnightmare.com,shopify,,,SMB 1 (<$150K)
ragefitness.com,shopify,,klaviyo;judge_me;mailchimp,SMB 2 ($150K-3M)
robindira.com,shopify,,klaviyo,SMB 2 ($150K-3M)
oneoffapparelltd.com,shopify,,Trust Pilot,SMB 1 (<$150K)
thelittleunicornshop.com,shopify,,judge_me,SMB 1 (<$150K)
watch-out.shop,shopify,,,SMB 1 (<$150K)
straughtworks.com,shopify,,,SMB 1 (<$150K)
fashcolony.com,shopify,Shopify Inbox,Rivo;judge_me,SMB 1 (<$150K)
jellytot.com.au,shopify,Shopify Inbox,klaviyo;judge_me;smile.io;mailchimp,SMB 2 ($150K-3M)
ivyrosejewelry.com,shopify,,aftership;loox,SMB 1 (<$150K)
mermaidmaebethtreasurechest.myshopify.com,shopify,,,SMB 1 (<$150K)
bastbis.com,shopify,,,SMB 1 (<$150K)
top-garden.eu,shopify,,,SMB 1 (<$150K)
diggi.download,shopify,,,SMB 1 (<$150K)
generationscrime.com,shopify,Shopify Inbox,klaviyo;judge_me,SMB 1 (<$150K)
bold8.myshopify.com,shopify,,,SMB 1 (<$150K)
beabashop.co,shopify,Shopify Inbox,,SMB 1 (<$150K)
vividbymaryam.com,shopify,,,SMB 1 (<$150K)
smellgoodcandles.net,shopify,,klaviyo;judge_me,SMB 1 (<$150K)
rorosarts.com,shopify,,,SMB 1 (<$150K)
digaholerecords.com,shopify,,,SMB 1 (<$150K)
ae.yove.co,shopify,,,SMB 1 (<$150K)
severemind.com,shopify,,,SMB 1 (<$150K)
teamyess.myshopify.com,shopify,,,SMB 1 (<$150K)
just2crafty-js.com,shopify,,,SMB 1 (<$150K)
shop.jetdrops.com,shopify,,,SMB 1 (<$150K)
mojomarts.shop,shopify,,,SMB 1 (<$150K)
corinthianharvest.com,shopify,Shopify Inbox,,SMB 1 (<$150K)
kysailco.com,shopify,Shopify Inbox,,SMB 1 (<$150K)
shop.hsi.us,shopify,,,SMB 2 ($150K-3M)
deinewaermepumpe24.de,shopify,,,SMB 1 (<$150K)
hivehairstudio.shop,shopify,,,SMB 1 (<$150K)
reonkids.com,shopify,,judge_me,SMB 1 (<$150K)
wadh.store,shopify,,,SMB 1 (<$150K)
swagykids.com,shopify,,,SMB 1 (<$150K)
voaty.com,woocommerce,,,
gmsmedical1.com,bigcommerce,,klaviyo;Trust Pilot;mailchimp;stamped.io,SMB 2 ($150K-3M)
choretime.stran.store,magento_2,,,SMB 1 (<$150K)
dentalact.com,magento_2,,,SMB 1 (<$150K)
shopsoftglo.com,shopify,,judge_me,SMB 1 (<$150K)
roxywoxy.com,shopify,Shopify Inbox,,
bak8dny.com,shopify,,,SMB 1 (<$150K)
ckfightlife.com,shopify,,,SMB 2 ($150K-3M)
shopvandevort.com,shopify,,klaviyo;smile.io,SMB 2 ($150K-3M)
pacificnorthsports.com,shopify,Shopify Inbox,,SMB 2 ($150K-3M)
hfredriksson.com,shopify,,mailchimp,SMB 1 (<$150K)
myonebike.com.au,shopify,tidio,klaviyo;Trust Pilot;loox,SMB 2 ($150K-3M)
bootstarusa.com,shopify,,,SMB 2 ($150K-3M)
cinder.co.nz,shopify,,mailchimp,SMB 1 (<$150K)
cafeknoesel-shop.com,shopify,,,SMB 1 (<$150K)
thecaveapparel.com,shopify,Shopify Inbox,,SMB 1 (<$150K)
surdirect.com.au,shopify,,,SMB 1 (<$150K)
centrocolorepastore.it,shopify,Shopify Inbox,,SMB 1 (<$150K)
matisma.pe,shopify,,Boost Commerce;mailchimp,SMB 1 (<$150K)
dtf-xpresstransfers.com,shopify,,,SMB 1 (<$150K)
easycurls.store,shopify,,parcelpanel;loox,SMB 1 (<$150K)
heureuxparent.com,shopify,,klaviyo,SMB 1 (<$150K)
ashadesigns.in,shopify,,,SMB 1 (<$150K)
sidi-gomes-assembly.myshopify.com,shopify,,,SMB 1 (<$150K)
urbancurate.com,shopify,,SMSBump;klaviyo;Trust Pilot;parcelpanel;judge_me,SMB 1 (<$150K)
shop.torsleffs.dk,shopify,,mailchimp,SMB 2 ($150K-3M)
loloandcollc.myshopify.com,shopify,,mailchimp,SMB 1 (<$150K)
shopynesss.myshopify.com,shopify,,,SMB 1 (<$150K)
kansokasa.myshopify.com,shopify,Shopify Inbox,,SMB 1 (<$150K)
subconsciousblanks.com,shopify,,,SMB 1 (<$150K)
loveandtees.com,shopify,Shopify Inbox,judge_me;mailchimp,SMB 1 (<$150K)
plgcreations.com,shopify,,stamped.io,SMB 1 (<$150K)
millenial.in,shopify,,,SMB 1 (<$150K)
petpurrfectionshop.com,shopify,Shopify Inbox,loox;judge_me,SMB 1 (<$150K)
meleedrip.com,shopify,Shopify Inbox,klaviyo,SMB 1 (<$150K)
shih-lou-nic.myshopify.com,shopify,,,SMB 1 (<$150K)
zapster.shop,shopify,,loox;judge_me,SMB 1 (<$150K)
biomalpelo.myshopify.com,shopify,,,SMB 1 (<$150K)
tnextstore.com,shopify,,,SMB 1 (<$150K)
blkhaki.com,shopify,,,SMB 1 (<$150K)
shopdanav.com,shopify,,,SMB 1 (<$150K)
pawzitive1.com,shopify,,judge_me;loox,SMB 1 (<$150K)
big-papa-pump-75.myshopify.com,shopify,,,SMB 1 (<$150K)
abolitionbooks.com,shopify,,,SMB 1 (<$150K)
inayamode.com,shopify,Shopify Inbox,,SMB 1 (<$150K)
valkyriebeach.com,shopify,,,SMB 1 (<$150K)
goodbumblebee.com,shopify,,,SMB 1 (<$150K)
brabooz.in,shopify,,judge_me,SMB 1 (<$150K)
www-homebaseinc-org.myshopify.com,shopify,,,SMB 1 (<$150K)
clementinecoshop.com,shopify,,,SMB 1 (<$150K)
proquest.fit,magento_2,,,SMB 2 ($150K-3M)
greensolutions.eu,magento_2,,,SMB 2 ($150K-3M)
dubaiflora.com,magento_2,,stripe,SMB 1 (<$150K)
production-cot4mvi-iuveh474mv2kc.eu-4.magentosite.cloud,magento_2,,,SMB 1 (<$150K)
lmeow.meme,magento_2,,,SMB 1 (<$150K)
elliott.renmengting.com,shopify,,,
eternaldesigns.co,shopify,,klaviyo;stripe,SMB 1 (<$150K)
haydenbjewelry.com,shopify,,Postscript;attentive;klaviyo;Corso;judge_me,SMB 2 ($150K-3M)
threesonsthreads.com,shopify,,,SMB 1 (<$150K)
ophaya.com,shopify,Shopify Inbox;help_scout,yotpo;Rivo,SMB 1 (<$150K)
martinhousegifts.com,shopify,,mailchimp,SMB 1 (<$150K)
milnovedades.mx,shopify,,,SMB 2 ($150K-3M)
plugdrecords.com,shopify,,,SMB 1 (<$150K)
theveganshop.us,shopify,Shopify Inbox,mailchimp;loox,SMB 1 (<$150K)
mulletbros.co,shopify,,,SMB 1 (<$150K)
morgangeneralstore.com,shopify,,,SMB 1 (<$150K)
yoslf.com,shopify,,,SMB 1 (<$150K)
valsenyc.com,shopify,Shopify Inbox,,SMB 1 (<$150K)
athlifi.com,shopify,Shopify Inbox,,SMB 1 (<$150K)
solaceevents.shop,shopify,,,SMB 1 (<$150K)
simplybikinis.com,shopify,,klaviyo,SMB 1 (<$150K)
rubilon.in,shopify,,,SMB 1 (<$150K)
ghetteauxbrandsinc.com,shopify,,,SMB 1 (<$150K)
wherebarbersshop.com,shopify,,loox,SMB 1 (<$150K)
ponponlab.com,shopify,,,SMB 1 (<$150K)
giftedglamor.com,shopify,,loox,SMB 1 (<$150K)
tres-paris.com,shopify,,,SMB 1 (<$150K)
studio23salon.glossgenius.com,shopify,,stripe,SMB 2 ($150K-3M)
dashfirebeards.com,shopify,Shopify Inbox,klaviyo;loyaltylion;judge_me,SMB 1 (<$150K)
02strap.com,shopify,,,SMB 1 (<$150K)
karudijanshop.com,shopify,,,SMB 1 (<$150K)
interiomir.com,shopify,,aftership,SMB 1 (<$150K)
munichboutique.shop,shopify,,,SMB 1 (<$150K)
living2kreate.myshopify.com,shopify,Shopify Inbox,,SMB 1 (<$150K)
mammachepeso.it,shopify,,,SMB 1 (<$150K)
deadsouthaz.com,shopify,,klaviyo,SMB 1 (<$150K)
coolcraze.co.uk,shopify,,,SMB 1 (<$150K)
perlaprofumeriacentroestetico.com,shopify,,,SMB 1 (<$150K)
rngad.com,shopify,,klaviyo,SMB 1 (<$150K)
thestationerystation.com,shopify,Shopify Inbox,mailchimp;judge_me,SMB 1 (<$150K)
thedutchmanslawn.com,bigcommerce,,,SMB 2 ($150K-3M)
stores.tgmotorsports.net,bigcommerce,,,SMB 1 (<$150K)
espressissimo.nl,magento_2,,,SMB 1 (<$150K)
stage.ceramicheroma.com,magento_2,zendesk,stripe;mailchimp,SMB 2 ($150K-3M)
techtitansstore.com,shopify,,,
kmg3d-llc.com,shopify,Shopify Inbox,,SMB 1 (<$150K)
t-nkiyute-com.myshopify.com,shopify,,,SMB 2 ($150K-3M)
letheshome.pt,shopify,Shopify Inbox,,SMB 2 ($150K-3M)
halberstadtsbismarck.com,shopify,Shopify Inbox,,SMB 2 ($150K-3M)
shepherdandwoodward.co.uk,shopify,,,SMB 2 ($150K-3M)
tagrystore.com,shopify,,yotpo,SMB 1 (<$150K)
midwestgrowco.com,shopify,,judge_me,SMB 2 ($150K-3M)
oihome.com,shopify,,,SMB 2 ($150K-3M)
clarepotter.com,shopify,,,SMB 1 (<$150K)
thekevinaviance.com,shopify,,,SMB 1 (<$150K)
gemsmantra.com,shopify,,Trust Pilot;aftership;judge_me,SMB 2 ($150K-3M)
butterflyeffect-6054.myshopify.com,shopify,,smile.io,SMB 1 (<$150K)
wellnessready.com,shopify,,,SMB 1 (<$150K)
tobibeans.com,shopify,,,SMB 1 (<$150K)
shop.tobisho.jp,shopify,,,SMB 1 (<$150K)
zumruttr.com,shopify,,judge_me,SMB 1 (<$150K)
mpo0306.site,shopify,,,SMB 1 (<$150K)
americanproudgear.com,shopify,,klaviyo;loox,SMB 1 (<$150K)
swellhousestudio.shop,shopify,,,SMB 1 (<$150K)
melbournecosmeticcentre.com.au,shopify,,,SMB 1 (<$150K)
swimville-usa.myshopify.com,shopify,,,SMB 1 (<$150K)
katelaurel.co.uk,shopify,,shopmessage;mailchimp,SMB 1 (<$150K)
candycleanseway.com,shopify,,,SMB 1 (<$150K)
shop.padovajewelry.tokyo,shopify,Shopify Inbox,,SMB 1 (<$150K)
throwbackagency.com,shopify,,,SMB 1 (<$150K)
flukesstudio.com,shopify,,,SMB 1 (<$150K)
salba-abbigliamento-3206.myshopify.com,shopify,,,SMB 1 (<$150K)
picksondemand.com,shopify,,,SMB 1 (<$150K)
agsaint.com,shopify,,,SMB 2 ($150K-3M)
manoactivagrow.cl,shopify,,judge_me,SMB 1 (<$150K)
spaluoer.com,shopify,,,SMB 1 (<$150K)
bola333.shop,shopify,,,SMB 1 (<$150K)
onlinecabinetboutique.com,shopify,,,SMB 1 (<$150K)
vemullay-boutique-6615.myshopify.com,shopify,,loox,SMB 1 (<$150K)
dominiclick.com,shopify,,loox,SMB 1 (<$150K)
gokurakuann.com,shopify,,,SMB 1 (<$150K)
lovechokes.com,shopify,,,SMB 1 (<$150K)
skaiandco.com,shopify,,,SMB 1 (<$150K)
shop.echigofuton.jp,shopify,,,SMB 1 (<$150K)
dybydiane.com,shopify,Shopify Inbox,,SMB 1 (<$150K)
amtc.eu,magento_2,,,SMB 2 ($150K-3M)
vanillamoon.in,shopify,,judge_me;mailchimp,SMB 1 (<$150K)
dhampurgreen.com,shopify,Shopify Inbox,judge_me,SMB 2 ($150K-3M)
saucissons.com.au,shopify,Shopify Inbox,stamped.io,SMB 1 (<$150K)
alvisdrift.co.za,shopify,Shopify Inbox,klaviyo,SMB 1 (<$150K)
kindredmarketboutique.com,shopify,Shopify Inbox,loyaltylion,SMB 1 (<$150K)
norsetag.com,shopify,,mailchimp,SMB 1 (<$150K)
flatmountainliving.com,shopify,,loox,SMB 2 ($150K-3M)
houseof35.com,shopify,,mailchimp,SMB 1 (<$150K)
herteendream.com,shopify,,,SMB 1 (<$150K)
rubyroobaby.com,shopify,olark,,SMB 1 (<$150K)
peculiartype.com,shopify,,,SMB 1 (<$150K)
shopmaleva.com,shopify,Shopify Inbox,klaviyo,SMB 1 (<$150K)
kazabijoux.com,shopify,,,SMB 1 (<$150K)
stitchsquadbox.com,shopify,,,SMB 1 (<$150K)
theuniquetreasurechest.com,shopify,,,SMB 1 (<$150K)
anywhereswitch.shop,shopify,,,SMB 1 (<$150K)
homedecorationsupplies.com,shopify,,,SMB 1 (<$150K)
drazcollects.com,shopify,,,SMB 1 (<$150K)
thepaperdaisyco.com.au,shopify,Shopify Inbox,Rivo,SMB 1 (<$150K)
jadeisbliss.ca,shopify,,klaviyo;judge_me,SMB 1 (<$150K)
brn2hoop.com,shopify,,,SMB 1 (<$150K)
nfsstudiosapparel.com,shopify,,klaviyo,SMB 1 (<$150K)
mansbridgecoins.com,shopify,,,SMB 1 (<$150K)
fiodecor.it,shopify,,,SMB 1 (<$150K)
suriajewelry.com.br,shopify,,,SMB 1 (<$150K)
hoodieharbor.com,shopify,,,SMB 1 (<$150K)
aluglassbautique.co.za,shopify,,,SMB 1 (<$150K)
dukequartier-wellington.com,shopify,,klaviyo;parcelpanel,SMB 1 (<$150K)
asflip.online,shopify,,judge_me,SMB 1 (<$150K)
taynort.com,shopify,,,SMB 1 (<$150K)
doubletenhancements.com,shopify,tidio,judge_me,SMB 1 (<$150K)
beardsfloral.myshopify.com,shopify,,,SMB 1 (<$150K)
zee.com.mx,shopify,,loox,SMB 1 (<$150K)
denise-concept.com,shopify,,,SMB 1 (<$150K)
th-offthewagonshop.glopalstore.com,shopify,tidio,klaviyo;Postscript;judge_me;Boost Commerce,SMB 2 ($150K-3M)
taiyo-apikaa.com,shopify,Shopify Inbox,,SMB 1 (<$150K)
anellextensions.com,shopify,,,SMB 1 (<$150K)
kilkennydesign.com,bigcommerce,,klaviyo;reviews_io,
usarmamentmfg.com,bigcommerce,,,SMB 2 ($150K-3M)
3e445c-6b.myshopify.com,shopify,Shopify Inbox,judge_me,
caisleycleaning.com,shopify,,,
ecoenergysolutionsl.com,shopify,Shopify Inbox,,SMB 1 (<$150K)
amanameatshop.com,shopify,,judge_me;mailchimp,SMB 2 ($150K-3M)
brickitagain.org,shopify,,,SMB 1 (<$150K)
jellytot.com.au,shopify,Shopify Inbox,klaviyo;smile.io;judge_me;mailchimp,SMB 2 ($150K-3M)
barrel-dogs.com,shopify,,mailchimp,SMB 1 (<$150K)
greenepics.com,shopify,zendesk,klaviyo,SMB 1 (<$150K)
deskohilo.com,shopify,Shopify Inbox,Trust Pilot;loox,SMB 1 (<$150K)
seteraclothingco.com,shopify,,yotpo,SMB 1 (<$150K)
213773-5.myshopify.com,shopify,,,SMB 1 (<$150K)
claireswildwax.com,shopify,,,SMB 1 (<$150K)
maipiumuffa.com,shopify,Shopify Inbox,Trust Pilot,SMB 1 (<$150K)
shopconfidencereigns.com,shopify,,,SMB 1 (<$150K)
crochet-it-yourself.com,shopify,,,SMB 1 (<$150K)
shop.neuroplaymusic.com,shopify,,,SMB 1 (<$150K)
lefilalendroit.fr,shopify,,,SMB 1 (<$150K)
jpcare.in,shopify,,,SMB 1 (<$150K)
lynneclothingph.com,shopify,,,SMB 1 (<$150K)
getselara.com,shopify,,,SMB 1 (<$150K)
formdesigns.co.uk,shopify,,,SMB 1 (<$150K)
infyvebeauty.com,shopify,,yotpo;klaviyo,SMB 1 (<$150K)
cosmotics.shop,shopify,Shopify Inbox,loox,SMB 1 (<$150K)
multtidecor.com.br,shopify,,,SMB 1 (<$150K)
skanovaluxury.com,shopify,,,SMB 1 (<$150K)
yxtrme.com,shopify,,,SMB 1 (<$150K)
acme-kiosk.consignr.store,shopify,,,SMB 2 ($150K-3M)
minasyani.com,shopify,,,SMB 1 (<$150K)
stellar3dprinting.com.au,shopify,Shopify Inbox,judge_me,SMB 1 (<$150K)
revolvesteering.com,shopify,Shopify Inbox,,SMB 1 (<$150K)
keechiandco.co.uk,shopify,Shopify Inbox,,SMB 1 (<$150K)
amsedition.com,shopify,,,SMB 1 (<$150K)
newstandardcoaching.com,shopify,,mailchimp,SMB 1 (<$150K)
thecutebow.com,shopify,,,SMB 1 (<$150K)
sevynwaytaxacademy.com,shopify,,,SMB 1 (<$150K)
sandifans.com,shopify,,,SMB 1 (<$150K)
quickstove.com,shopify,,Corso;Opinew,SMB 1 (<$150K)
greenmonitor.dk,shopify,,judge_me,SMB 1 (<$150K)
krislucie.com,shopify,,,SMB 1 (<$150K)
trust-kikaku.myshopify.com,shopify,,,SMB 1 (<$150K)
seaflexja.com,shopify,Shopify Inbox,stamped.io,SMB 1 (<$150K)
shop.thegoodfoodguide.co.uk,shopify,,,SMB 1 (<$150K)
db17a0-ba.myshopify.com,shopify,,,SMB 1 (<$150K)
camillaboutiquedonna.it,shopify,Shopify Inbox,,SMB 1 (<$150K)
dreamersdezigns.com,bigcommerce,,,SMB 1 (<$150K)
selfadhesive.co.uk,magento_2,,klaviyo,SMB 2 ($150K-3M)
dmtest5.mybigcommerce.com,bigcommerce,,mailchimp,SMB 2 ($150K-3M)
topjeweltrading.iq,magento_2,,,SMB 1 (<$150K)
tailored-ta.com,magento_2,,,SMB 1 (<$150K)
kuickmall.in,shopify,,,
figurcuzdan.com,shopify,,loox,SMB 1 (<$150K)
rolanstar.com,shopify,,Opinew,SMB 2 ($150K-3M)
shamacollection.com,shopify,zendesk,Trust Pilot,SMB 2 ($150K-3M)
ophaya.com,shopify,help_scout;Shopify Inbox,yotpo;Rivo,SMB 1 (<$150K)
nathangibbsart.com,shopify,,stamped.io;judge_me,SMB 1 (<$150K)
adegansarmory.com,shopify,,judge_me,SMB 2 ($150K-3M)
poisoncityestore.com,shopify,,mailchimp,SMB 1 (<$150K)
clickhealthandbeauty.com,shopify,Shopify Inbox,okendo;klaviyo;Trust Pilot,SMB 1 (<$150K)
marthahillduncan.com,shopify,,,SMB 1 (<$150K)
ourclara.com,shopify,,reviews_io,SMB 1 (<$150K)
ethical-giving.jp,shopify,Shopify Inbox,judge_me,SMB 1 (<$150K)
tlccandlesandmore.com,shopify,,,SMB 1 (<$150K)
andrecarter.co.uk,shopify,,,SMB 1 (<$150K)
kcsblingshop.com,shopify,,smile.io,SMB 1 (<$150K)
4ba9c9.myshopify.com,shopify,Shopify Inbox,Rivo,SMB 1 (<$150K)
nitosshop.co,shopify,,,SMB 1 (<$150K)
clipnearn.com,shopify,,,SMB 1 (<$150K)
maracas.com.mx,shopify,,,SMB 1 (<$150K)
cc8d54-2.myshopify.com,shopify,,,SMB 1 (<$150K)
roselynmccoy.com,shopify,,,SMB 1 (<$150K)
ufirsthome.com.au,shopify,,,SMB 1 (<$150K)
casabalestra.shop,shopify,,,SMB 1 (<$150K)
jackandlilah.myshopify.com,shopify,,,SMB 1 (<$150K)
vermontsgold.com,shopify,,,SMB 1 (<$150K)
724room.com.mx,shopify,,,SMB 1 (<$150K)
xpiarcade.com,shopify,,judge_me;parcelpanel,SMB 1 (<$150K)
shoptampabaypro.com,shopify,,,SMB 1 (<$150K)
streetbeast.in,shopify,,,SMB 1 (<$150K)
alechenu.co.uk,shopify,Shopify Inbox,loox,SMB 1 (<$150K)
goddesssssbc.com,shopify,Shopify Inbox,SMSBump,SMB 1 (<$150K)
texasinfamy.com,shopify,,,SMB 1 (<$150K)
vitaminvault.store,shopify,,,SMB 1 (<$150K)
letrendstation.com,shopify,,fera,SMB 1 (<$150K)
bush-agribusiness.myshopify.com,shopify,,,SMB 1 (<$150K)
jaket-jasper-dummy-backup.myshopify.com,shopify,,,SMB 1 (<$150K)
lazolodge.com,shopify,,,SMB 1 (<$150K)
poyayo.myshopify.com,shopify,,,SMB 1 (<$150K)
ferventpaws.com,shopify,,,SMB 1 (<$150K)
dinofitstore.myshopify.com,shopify,,,SMB 1 (<$150K)
serevonisbowsandmore.myshopify.com,shopify,,judge_me,SMB 1 (<$150K)
kilkennydesign.com,bigcommerce,,klaviyo;reviews_io,Commercial 1 ($3-10M)
sportsenardennes.fr,magento_2,,,SMB 1 (<$150K)
polskiekosmetyki.ie,magento_2,,,SMB 1 (<$150K)
nichenow.com.au,magento_2,,yotpo;stripe;stamped.io,SMB 1 (<$150K)
oxford-origins.com,shopify,,Opinew,SMB 2 ($150K-3M)
saradeeboutique.ca,shopify,Shopify Inbox,klaviyo;judge_me,SMB 2 ($150K-3M)
lastpodcastmerch.com,shopify,,mailchimp,SMB 2 ($150K-3M)
mooklure.com,shopify,Shopify Inbox,judge_me;Rivo,SMB 1 (<$150K)
adultsextoys.com,shopify,,klaviyo;Trust Pilot,SMB 2 ($150K-3M)
fyzlondon.com,shopify,Shopify Inbox,,SMB 1 (<$150K)
bellaamoreskin.com,shopify,Shopify Inbox,,SMB 1 (<$150K)
talkinganimalsbooks.com,shopify,,,SMB 1 (<$150K)
sedgars.com,shopify,,yotpo,SMB 2 ($150K-3M)
relaxart.it,shopify,,,SMB 1 (<$150K)
inopet.jp,shopify,,,SMB 1 (<$150K)
arettabeauty.com,shopify,,fera,SMB 1 (<$150K)
easyfitpumps.com,shopify,,,SMB 1 (<$150K)
themurphyandco.com,shopify,Shopify Inbox,Postscript;judge_me,SMB 2 ($150K-3M)
mirandalouddesigns.com,shopify,chatra,mailchimp,SMB 1 (<$150K)
reaperswardrobe.store,shopify,,SMSBump;Postscript,SMB 1 (<$150K)
floweroou.com,shopify,zendesk,,SMB 1 (<$150K)
fi3rc3lyf3stiv3fiv3.store,shopify,,loox,SMB 1 (<$150K)
sunsafegear.com,shopify,,,SMB 1 (<$150K)
freniefrizioni.myshopify.com,shopify,,mailchimp,SMB 1 (<$150K)
b22560-45.myshopify.com,shopify,,,SMB 1 (<$150K)
nrkstudio.ca,shopify,,,SMB 1 (<$150K)
roofingsquare.co.uk,shopify,,,SMB 1 (<$150K)
hikershavenstore.com,shopify,Shopify Inbox,parcelpanel,SMB 1 (<$150K)
omronhealthcare.pk,shopify,,,SMB 2 ($150K-3M)
navidacom.store,shopify,,loox,SMB 1 (<$150K)
alricococo.com,shopify,Shopify Inbox,,SMB 1 (<$150K)
youglowe.com,shopify,,,SMB 1 (<$150K)
mindfulstepsco.com,shopify,Shopify Inbox,klaviyo;judge_me,SMB 1 (<$150K)
nayalook.in,shopify,,,SMB 1 (<$150K)
minimo-schmuck.de,shopify,,,SMB 1 (<$150K)
shopladystardust.com,shopify,Shopify Inbox,okendo;mailchimp,SMB 1 (<$150K)
unseentriad.com,shopify,,,SMB 1 (<$150K)
sweetblvd.ca,shopify,,,SMB 1 (<$150K)
arreboltienda.com,shopify,,,SMB 1 (<$150K)
usdaa.com,bigcommerce,,mailchimp,SMB 2 ($150K-3M)
cimarron-firearms.com,magento_2,,,SMB 2 ($150K-3M)
eisselig.de,magento_2,,,SMB 1 (<$150K)
livingtouchproducts.com,magento_2,,,SMB 1 (<$150K)
wearepari.com,shopify,,klaviyo,SMB 2 ($150K-3M)
coeurdeperles.fr,shopify,,,SMB 1 (<$150K)
divinetrendz.com,shopify,,judge_me,SMB 1 (<$150K)
joolry.in,shopify,Shopify Inbox,,SMB 1 (<$150K)
pashafabrics.pk,shopify,,,SMB 1 (<$150K)
oorjabar.com,shopify,helpcenter,ShipBob;reviews_io;mailchimp,SMB 1 (<$150K)
tyrelajuan.com,shopify,,,SMB 1 (<$150K)
rapidinsulation.com.au,shopify,,,SMB 1 (<$150K)
amirla.com,shopify,,,SMB 1 (<$150K)
webixstu.com,shopify,,klaviyo;stamped.io,SMB 1 (<$150K)
mimisgoods.ca,shopify,Shopify Inbox,,SMB 1 (<$150K)
monogram-magick.com,shopify,,,SMB 1 (<$150K)
qkweenybeauty.com,shopify,,,SMB 1 (<$150K)
mintpillow.in,shopify,,,SMB 1 (<$150K)
mobiliyo.hu,shopify,,loox,SMB 1 (<$150K)
animecollectiblesstore.com,shopify,,,SMB 1 (<$150K)
ashleys-awesome-affordable-toppers.myshopify.com,shopify,Shopify Inbox,judge_me,SMB 1 (<$150K)
bendito-bolo-gourmet.myshopify.com,shopify,,recharge,SMB 1 (<$150K)
tierneyfloors.com,shopify,,,SMB 1 (<$150K)
stop4shopstore.myshopify.com,shopify,,loox,SMB 1 (<$150K)
vault.wideopen.co.nz,shopify,Shopify Inbox,mailchimp,SMB 1 (<$150K)
organicseven.com,shopify,,,SMB 1 (<$150K)
anyluckfishing.org,shopify,,,SMB 1 (<$150K)
johnny-hollow.myshopify.com,shopify,,,SMB 1 (<$150K)
youngbeans.store,shopify,,,SMB 1 (<$150K)
tbhqangelicalcardona.myshopify.com,shopify,,judge_me,SMB 1 (<$150K)
grischa.shop,shopify,intercom,,SMB 1 (<$150K)
yutootoy.com,shopify,,judge_me,SMB 1 (<$150K)
wellhi.shop,shopify,Shopify Inbox,,SMB 1 (<$150K)
shop.thesexyredbrand.com,shopify,Shopify Inbox,klaviyo;loox,SMB 1 (<$150K)
motorstarsusa.com,shopify,,,SMB 2 ($150K-3M)
jeunebourgeois.com,shopify,,mailchimp,SMB 1 (<$150K)
ledstic.com,shopify,,,
shopprettycozy.com,shopify,,klaviyo;mailchimp,SMB 1 (<$150K)
fresharama.com,shopify,,mailchimp,SMB 1 (<$150K)
vapeemporium.com,shopify,,klaviyo;recharge;Trust Pilot,SMB 2 ($150K-3M)
shoppacura.com,shopify,,mailchimp,SMB 1 (<$150K)
meatfishcheese.com,shopify,,,SMB 1 (<$150K)
aureline.com,shopify,,klaviyo;loyaltylion;judge_me,SMB 1 (<$150K)
cheekychicjewellery.com,shopify,,judge_me,SMB 1 (<$150K)
popinrow.com,shopify,,,SMB 1 (<$150K)
nature-identity.de,shopify,Shopify Inbox,judge_me,SMB 1 (<$150K)
beabroadwaystar.com,shopify,,parcelpanel,SMB 1 (<$150K)
allkinestuff.com,shopify,,,SMB 1 (<$150K)
hidledlights.com,shopify,,,SMB 1 (<$150K)
siwakmoyen-orient.com,shopify,,loox,SMB 1 (<$150K)
artessano.com.mx,shopify,,,SMB 1 (<$150K)
succulent-snacks.com,shopify,,,SMB 1 (<$150K)
lifeonwall.art,shopify,Shopify Inbox,,SMB 1 (<$150K)
willowsourcedesigns.com,shopify,Shopify Inbox,,SMB 1 (<$150K)
sunshinescollective.com,shopify,,,SMB 1 (<$150K)
nightparty.myshopify.com,shopify,,,SMB 1 (<$150K)
allmagnetic.dk,shopify,,klaviyo;judge_me,SMB 1 (<$150K)
nfskiin.com.au,shopify,Shopify Inbox,loox;mailchimp,SMB 1 (<$150K)
sun-and-roll.com,shopify,,,SMB 1 (<$150K)
one40shop.co.uk,shopify,,,SMB 1 (<$150K)
5eeef5-38.myshopify.com,shopify,,,SMB 1 (<$150K)
insidiashop.it,shopify,,,SMB 1 (<$150K)
theinspiredplayhouse.com,shopify,,klaviyo;judge_me,SMB 1 (<$150K)
avantadlay.org,shopify,,,SMB 1 (<$150K)
gaia.com.mx,shopify,,klaviyo;loox,SMB 1 (<$150K)
beautiesluv.myshopify.com,shopify,tidio,judge_me,SMB 1 (<$150K)
hiremystyle.com.au,shopify,,,SMB 1 (<$150K)
autumnhareandcompany.com,shopify,,,SMB 1 (<$150K)
thebundlecart.in,shopify,,,SMB 1 (<$150K)
salopur.eu,shopify,,judge_me,SMB 1 (<$150K)
tashopy.com,shopify,,,SMB 1 (<$150K)
chicthreadsnow.com,shopify,Shopify Inbox,,SMB 1 (<$150K)
monharcaquesosselectos.com,shopify,,,SMB 1 (<$150K)
saltandlightessentials.com.au,shopify,,klaviyo;judge_me,SMB 1 (<$150K)
sportsleagues.us,shopify,,,SMB 1 (<$150K)
shoplivecozyco.com,shopify,Shopify Inbox,,SMB 1 (<$150K)
noroc.com.uy,shopify,,,SMB 1 (<$150K)
moksha.be,shopify,Shopify Inbox,recharge;mailchimp;Rivo;judge_me,SMB 2 ($150K-3M)
docedesejosexshopp.com.br,magento_2,,,SMB 1 (<$150K)
xn--pontoverstil-kbb.com,shopify,,,
oladole.com,shopify,,judge_me,SMB 1 (<$150K)
morgandrinkscoffee.com,shopify,,,SMB 1 (<$150K)
plumbcorp.com.au,shopify,,,SMB 1 (<$150K)
victoryseeds.com,shopify,Shopify Inbox,,SMB 2 ($150K-3M)
antiques-art-design.com,shopify,,mailchimp,SMB 1 (<$150K)
ellasenchanted.com,shopify,,,SMB 1 (<$150K)
tellacouture.com,shopify,,yotpo;klaviyo;smile.io,SMB 2 ($150K-3M)
wagathas.com,shopify,,mailchimp,SMB 2 ($150K-3M)
uusimaaareena.fi,shopify,Shopify Inbox,mailchimp,SMB 1 (<$150K)
shopnewhorizon.com,shopify,,klaviyo;loop_subscriptions;mailchimp,SMB 1 (<$150K)
babylabsleep.com,shopify,,loox,SMB 1 (<$150K)
solkipetwear.com,shopify,,,SMB 1 (<$150K)
nikolinaweddingstore.hr,shopify,,,SMB 2 ($150K-3M)
miterranoble.cl,shopify,Shopify Inbox,,SMB 1 (<$150K)
aunaturelalchemy.com,shopify,,,SMB 1 (<$150K)
faythseaglass.co.uk,shopify,,,SMB 1 (<$150K)
misterpaw.co,shopify,,judge_me,SMB 1 (<$150K)
umbrellashop.it,shopify,,,SMB 1 (<$150K)
myheval.com,shopify,,loox,SMB 1 (<$150K)
forestermerch.com,shopify,,,SMB 1 (<$150K)
digital4everyone.com,shopify,,,SMB 1 (<$150K)
shop.oddsjam.com,shopify,intercom,judge_me,SMB 2 ($150K-3M)
blackobsessed.com,shopify,,,SMB 1 (<$150K)
speedcubingireland.com,shopify,,,SMB 1 (<$150K)
clickmercado.co,shopify,,,SMB 1 (<$150K)
thesootheandsync.com,shopify,,Gobot;judge_me,SMB 1 (<$150K)
8c5964-4.myshopify.com,shopify,,,SMB 1 (<$150K)
gnarlynexus.com,shopify,,,SMB 1 (<$150K)
schmucknachfolge.ch,shopify,,,SMB 1 (<$150K)
abbaaccesories.myshopify.com,shopify,,,SMB 1 (<$150K)
uptrendo.com,shopify,,aftership;loox,SMB 1 (<$150K)
martinezlandscapedesign.net,shopify,,,SMB 1 (<$150K)
healthwealthfitness.shop,shopify,,,SMB 1 (<$150K)
anyjoe.store,shopify,,,SMB 1 (<$150K)
tabitha.alisae.com,shopify,,,SMB 2 ($150K-3M)
shophubcentral.com,shopify,,,SMB 1 (<$150K)
readysetstockpile.com,shopify,Shopify Inbox,judge_me,SMB 1 (<$150K)
jeldee.eu,shopify,Shopify Inbox,klaviyo;Opinew;loox;judge_me,SMB 1 (<$150K)
muchosnachos.com.au,shopify,,,SMB 1 (<$150K)
sundaycosy.com,shopify,,loox,SMB 1 (<$150K)
goldstarbeauty.store,shopify,,judge_me,SMB 1 (<$150K)
heazure.com,shopify,Shopify Inbox,,SMB 1 (<$150K)
hopeapparel.store,shopify,,Postscript,SMB 1 (<$150K)
theantisoap.com,shopify,,,SMB 1 (<$150K)
duragshawty.com,shopify,,judge_me,SMB 1 (<$150K)
mynewts.com,shopify,Shopify Inbox,judge_me,SMB 1 (<$150K)
smartersmokes.com,bigcommerce,,,SMB 1 (<$150K)
poundland.co.uk,magento_2,,Trust Pilot;stripe,Commercial 1 ($3-10M)
arat-jewelry.com,magento_2,,,SMB 1 (<$150K)
pvc-centrum.nl,magento_2,,,SMB 1 (<$150K)
shutterlux.nl,magento_2,,,SMB 1 (<$150K)
andrewflintdesign.com,magento_2,,,SMB 1 (<$150K)
miscmatchboutique.shop,shopify,Shopify Inbox,,
empirericambi.it,shopify,Shopify Inbox,Trust Pilot,SMB 2 ($150K-3M)
loopalien.com,shopify,,klaviyo;judge_me,SMB 1 (<$150K)
normsfarms.com,shopify,,mailchimp,SMB 2 ($150K-3M)
thechosenmerchstore.com,shopify,,,SMB 1 (<$150K)
timothyallanshafto.com,shopify,,,SMB 1 (<$150K)
dizzyil.co,shopify,,,SMB 1 (<$150K)
dojinatural.com,shopify,,klaviyo;smile.io;recharge,SMB 1 (<$150K)
coachdiiaz.com,shopify,,mailchimp,SMB 1 (<$150K)
lashprosecrets.fr,shopify,Shopify Inbox,growave;mailchimp,SMB 1 (<$150K)
lashfashionista.com,shopify,,,SMB 1 (<$150K)
influencerweb.myshopify.com,shopify,,,SMB 1 (<$150K)
magicsneakersss.com,shopify,Shopify Inbox,loox,SMB 1 (<$150K)
myshop-143.myshopify.com,shopify,,,SMB 1 (<$150K)
linktapparel.myshopify.com,shopify,,parcelpanel,SMB 1 (<$150K)
doorhandle-ironmongery.co.uk,shopify,,judge_me,SMB 1 (<$150K)
42b3a5-2.workctrl.store,shopify,,,SMB 1 (<$150K)
kuraistudios.com,shopify,Shopify Inbox,judge_me,SMB 1 (<$150K)
neobirth777.com,shopify,,,SMB 1 (<$150K)
lamimfingerwax.com,shopify,,judge_me,SMB 1 (<$150K)
avopack.de,shopify,,judge_me,SMB 1 (<$150K)
unboxxd.net,shopify,,klaviyo;judge_me,SMB 1 (<$150K)
mimamitaa.nl,shopify,,recharge,SMB 1 (<$150K)
alifzainmorocco.com,shopify,Shopify Inbox;tidio,parcelpanel;judge_me,SMB 1 (<$150K)
eatplaybike.com,shopify,,,SMB 1 (<$150K)
age-attraction-shop.de,shopify,,,SMB 1 (<$150K)
artmelmarquez.com,shopify,,,SMB 1 (<$150K)
state-change.com,shopify,,Trust Pilot,SMB 1 (<$150K)
marieandcoprinting.com,shopify,,judge_me,SMB 1 (<$150K)
megaton-baths.myshopify.com,shopify,,,SMB 1 (<$150K)
creepy-crafter.com,shopify,,,SMB 1 (<$150K)
shophibana.com,shopify,,,SMB 1 (<$150K)
dutchdiversa.be,shopify,,klaviyo,SMB 1 (<$150K)
sixpackdude.myshopify.com,shopify,,aftership,SMB 1 (<$150K)
infinitemart.shop,shopify,,judge_me,SMB 1 (<$150K)
tudoaquionline.shop,shopify,,,SMB 1 (<$150K)
ifurcare.com,shopify,,judge_me,SMB 1 (<$150K)
adastl-1.myshopify.com,shopify,,,SMB 1 (<$150K)
cup-cleansers.com,shopify,,,SMB 1 (<$150K)
blutobutler.com,shopify,,,SMB 1 (<$150K)
ethiqwear.in,shopify,,SMSBump,SMB 1 (<$150K)
aqua-check.co.uk,magento_2,zendesk,stripe,SMB 2 ($150K-3M)
femailcreations.com,shopify,,klaviyo;attentive,SMB 2 ($150K-3M)
1greatdealauctions.com,shopify,,,SMB 1 (<$150K)
upfittersresource.com,shopify,,judge_me,SMB 2 ($150K-3M)
beziwoman.com,shopify,,klaviyo,SMB 1 (<$150K)
territorybutchers.com,shopify,,,SMB 1 (<$150K)
beardsponge.com,shopify,,,SMB 1 (<$150K)
ivasstore.co,shopify,,parcelpanel,SMB 1 (<$150K)
lvani.myshopify.com,shopify,,,SMB 1 (<$150K)
meghascloset.com,shopify,,,SMB 1 (<$150K)
hushclothing.org,shopify,,,SMB 1 (<$150K)
mrmanagement.online,shopify,,,SMB 1 (<$150K)
lucaandcostore.com,shopify,,,SMB 1 (<$150K)
webstoresbrasil.com,shopify,,,SMB 1 (<$150K)
cazanashop.com,shopify,,,SMB 1 (<$150K)
gallyswine.com,shopify,,,SMB 1 (<$150K)
melangiehomestore.com,shopify,,,SMB 1 (<$150K)
kohikohisupply.com,shopify,,,SMB 1 (<$150K)
gobackclothing.com,shopify,,,SMB 1 (<$150K)
rejecks.com,shopify,,,SMB 1 (<$150K)
magnapuglia.co.uk,shopify,Shopify Inbox,judge_me,SMB 1 (<$150K)
outrageouscreationsllc.com,shopify,,,SMB 1 (<$150K)
droog-bloem.nl,shopify,,,SMB 1 (<$150K)
mdinfinity.shop,shopify,,,SMB 1 (<$150K)
facialistas.com.au,shopify,,klaviyo;judge_me,SMB 1 (<$150K)
kalinwear.com,shopify,,,SMB 1 (<$150K)
uwupinsofficial.com,shopify,Shopify Inbox,,SMB 1 (<$150K)
luukkoliving.fi,shopify,,,SMB 1 (<$150K)
palmprinter.co,shopify,,klaviyo;judge_me,SMB 1 (<$150K)
laadindia.com,shopify,,,SMB 1 (<$150K)
imprue-inc.myshopify.com,shopify,,,SMB 1 (<$150K)
madhusudanwellness.com,shopify,,judge_me,SMB 1 (<$150K)
thelakedog.com,shopify,,judge_me,SMB 1 (<$150K)
traptreatsbk.com,shopify,,,SMB 1 (<$150K)
atmohomeware.com.au,shopify,,,SMB 1 (<$150K)
lighteye.vision,shopify,Shopify Inbox,,SMB 1 (<$150K)
novafahsion.com,shopify,,,SMB 1 (<$150K)
aosenfab.com,shopify,,judge_me,SMB 1 (<$150K)
unequiq.com,shopify,,,SMB 1 (<$150K)
secostore.it,magento_2,,Trust Pilot;stripe,SMB 2 ($150K-3M)
yamaris.com.sg,magento_2,,,SMB 1 (<$150K)
ubcosmetica.com,shopify,,yotpo,
shop.stickerpacks.design,shopify,,,SMB 1 (<$150K)
predatorcamo.com,shopify,,judge_me,SMB 2 ($150K-3M)
aripilondon.com,shopify,,,SMB 1 (<$150K)
kangaroobeltco.com.au,shopify,Shopify Inbox,stamped.io,SMB 2 ($150K-3M)
allurelondon.co,shopify,,,SMB 1 (<$150K)
dylplanner.com,shopify,,klaviyo;smile.io,SMB 1 (<$150K)
whippedcakery.co.nz,shopify,,recharge,SMB 2 ($150K-3M)
conquertables.com,shopify,Shopify Inbox,,SMB 1 (<$150K)
divinetrendz.com,shopify,zendesk,judge_me,SMB 1 (<$150K)
cornbread26shop.com,shopify,,stamped.io,SMB 1 (<$150K)
bootsandcats.shop,shopify,,mailchimp,SMB 1 (<$150K)
righteousambitions.com,shopify,,judge_me,SMB 1 (<$150K)
waterwayfarm.com,shopify,,,SMB 1 (<$150K)
funnybunnykids.nz,shopify,Shopify Inbox,klaviyo,SMB 1 (<$150K)
equalearth.co.uk,shopify,,,SMB 1 (<$150K)
getnailedbyd.myshopify.com,shopify,Shopify Inbox,,SMB 1 (<$150K)
bandbtees.com,shopify,Shopify Inbox,,SMB 1 (<$150K)
geraldshmeltzer.com,shopify,,,SMB 1 (<$150K)
ashtonsangelsragdolls.com,shopify,,,SMB 1 (<$150K)
bigblend.co,shopify,,,SMB 1 (<$150K)
mennersmaastricht.nl,shopify,,,SMB 1 (<$150K)
soapdivachalet.com,shopify,,,SMB 1 (<$150K)
innovatecncs.com,shopify,,,SMB 1 (<$150K)
live-studio-web-design.myshopify.com,shopify,,,SMB 1 (<$150K)
amate-omaya.myshopify.com,shopify,,,SMB 1 (<$150K)
snapcartshopping.com,shopify,,judge_me,SMB 1 (<$150K)
ap-blue.myshopify.com,shopify,,,SMB 1 (<$150K)
wyczawski.cz,shopify,,,SMB 1 (<$150K)
effevieco.it,shopify,,judge_me;loox,SMB 1 (<$150K)
shopbyvl.com,shopify,,,SMB 1 (<$150K)
jones-a-effect.com,shopify,,,SMB 1 (<$150K)
revive-network.myshopify.com,shopify,,,SMB 1 (<$150K)
nostalgiacam.myshopify.com,shopify,,,SMB 1 (<$150K)
godfidenceiskey.shop,shopify,,,SMB 1 (<$150K)
hippiehandbowl.com,shopify,,,SMB 1 (<$150K)
c2dc07-3.myshopify.com,shopify,,,SMB 1 (<$150K)
chiyoniyachiyo.com,shopify,,judge_me,SMB 1 (<$150K)
artofdyingmusic.com,shopify,,,SMB 1 (<$150K)
customizer-integration.myshopify.com,shopify,,,SMB 1 (<$150K)
thera-bello.myshopify.com,shopify,tidio,klaviyo;aftership,SMB 1 (<$150K)
forelson.co.uk,shopify,,,SMB 1 (<$150K)
hotmessandaheatpress.com,shopify,,,SMB 1 (<$150K)
salaam-decor.myshopify.com,shopify,,,SMB 1 (<$150K)
tonyomariboutique.net,shopify,,,SMB 1 (<$150K)
bestsourcinglink.com,shopify,,klaviyo,SMB 1 (<$150K)
ivoirken.com,shopify,,,SMB 1 (<$150K)
lessforbest.ca,shopify,Shopify Inbox,judge_me,SMB 1 (<$150K)
shop.seventhage.xyz,shopify,,,SMB 1 (<$150K)
sereniasilk.com,shopify,,klaviyo;stamped.io;loox,SMB 1 (<$150K)
ravetheworld.com,shopify,,,SMB 1 (<$150K)
slowmadegoods.com,shopify,,mailchimp,SMB 1 (<$150K)
digitalframesdirect.com,bigcommerce,,,SMB 2 ($150K-3M)
orientalfurnishings.com,bigcommerce,olark,klaviyo;yotpo,Commercial 1 ($3-10M)
hartman-woodworking-llc1.mybigcommerce.com,bigcommerce,,,SMB 1 (<$150K)
puretaiwantea.com,magento_2,,,SMB 2 ($150K-3M)
sneakers.bet,shopify,Shopify Inbox,,
fitnessunmatched.com,shopify,,,
mayer-beauty-line.myshopify.com,shopify,,,
mariaelena-462.myshopify.com,shopify,,judge_me;loox,
villeneuvewines.com,shopify,Shopify Inbox,,SMB 1 (<$150K)
pure24store.com,shopify,,klaviyo;judge_me,SMB 1 (<$150K)
islanddeli.co.uk,shopify,,mailchimp,SMB 1 (<$150K)
automaticbody.com,shopify,,,SMB 1 (<$150K)
kiwiclack.com,shopify,,,SMB 1 (<$150K)
akimbonbob.com,shopify,,Rivo,SMB 1 (<$150K)
we3kingz.com,shopify,,,SMB 1 (<$150K)
littyville.com,shopify,,parcelpanel,SMB 1 (<$150K)
lodimarket.com,shopify,,recharge;klaviyo,SMB 1 (<$150K)
personage.sa,shopify,Shopify Inbox,mailchimp;recharge;klaviyo,SMB 1 (<$150K)
shopyellowhouse.com,shopify,,smile.io,SMB 1 (<$150K)
alankrit.shop,shopify,,judge_me,SMB 1 (<$150K)
dripnsip.com,shopify,,,SMB 1 (<$150K)
kalitajewelry.com,shopify,Shopify Inbox,,SMB 1 (<$150K)
boostermassagers.com,shopify,,,SMB 1 (<$150K)
instock24.com,shopify,Shopify Inbox,klaviyo,SMB 1 (<$150K)
arhibucollections.com,shopify,Shopify Inbox,,SMB 1 (<$150K)
soulgrip.in,shopify,,SMSBump;fera;judge_me,SMB 1 (<$150K)
trendyglassart.nl,shopify,,,SMB 1 (<$150K)
cartit360.com,shopify,,judge_me,SMB 1 (<$150K)
romeiglam.com,shopify,Shopify Inbox,klaviyo;judge_me,SMB 1 (<$150K)
brewbabes.co.uk,shopify,,,SMB 1 (<$150K)
trumppower2024.com,shopify,,,SMB 1 (<$150K)
techcenter.com.pe,shopify,,,SMB 2 ($150K-3M)
shop.srxhealth.ca,shopify,,mailchimp,SMB 2 ($150K-3M)
smilelabapparel.store,shopify,,klaviyo,SMB 1 (<$150K)
thisislegion.co,shopify,,,SMB 1 (<$150K)
pawsandunion.com,shopify,,,SMB 1 (<$150K)
thespidersweb.nz,shopify,tidio,,SMB 1 (<$150K)
adaptshoes.com.br,shopify,,,SMB 1 (<$150K)
outercore.store,shopify,,judge_me,SMB 1 (<$150K)